1,"('race', 1.0)"
2,"('age', 0.6909385113268608)","('length_of_stay', 0.006472491909385114)","('priors_count', 0.28317152103559873)","('unrelated_column_one', 0.019417475728155338)"
3,"('age', 0.24919093851132687)","('length_of_stay', 0.045307443365695796)","('priors_count', 0.5436893203883495)","('sex_Female', 0.003236245954692557)","('two_year_recid', 0.011326860841423949)","('unrelated_column_one', 0.14724919093851133)"
