1,"('race', 1.0)"
2,"('age', 0.22815533980582525)","('length_of_stay', 0.12135922330097088)","('priors_count', 0.29449838187702265)","('unrelated_column_one', 0.3559870550161812)"
3,"('age', 0.08414239482200647)","('length_of_stay', 0.05825242718446602)","('priors_count', 0.3705501618122977)","('two_year_recid', 0.01779935275080906)","('unrelated_column_one', 0.4692556634304207)"
