1,"('race', 1.0)"
2,"('age', 0.27184466019417475)","('length_of_stay', 0.48058252427184467)","('priors_count', 0.24271844660194175)","('unrelated_column_two', 0.0048543689320388345)"
3,"('age', 0.4029126213592233)","('length_of_stay', 0.2588996763754045)","('priors_count', 0.2977346278317152)","('sex_Female', 0.0016181229773462784)","('sex_Male', 0.003236245954692557)","('unrelated_column_one', 0.008090614886731391)","('unrelated_column_two', 0.02750809061488673)"
