1,"('race', 1.0)"
2,"('age', 0.06957928802588997)","('length_of_stay', 0.07928802588996764)","('priors_count', 0.03398058252427184)","('unrelated_column_one', 0.8171521035598706)"
3,"('age', 0.2605177993527508)","('length_of_stay', 0.3786407766990291)","('priors_count', 0.1925566343042071)","('unrelated_column_one', 0.16181229773462782)","('unrelated_column_two', 0.006472491909385114)"
