1,"('race', 1.0)"
2,"('age', 0.4449838187702265)","('length_of_stay', 0.16666666666666666)","('priors_count', 0.26375404530744334)","('unrelated_column_one', 0.12459546925566344)"
3,"('age', 0.13754045307443366)","('length_of_stay', 0.22491909385113268)","('priors_count', 0.24271844660194175)","('unrelated_column_one', 0.3883495145631068)","('unrelated_column_two', 0.006472491909385114)"
