1,"('race', 1.0)"
2,"('age', 0.28640776699029125)","('length_of_stay', 0.5307443365695793)","('priors_count', 0.18122977346278318)","('sex_Female', 0.0016181229773462784)"
3,"('age', 0.36893203883495146)","('length_of_stay', 0.21844660194174756)","('priors_count', 0.37216828478964403)","('sex_Female', 0.0016181229773462784)","('sex_Male', 0.0048543689320388345)","('unrelated_column_two', 0.03398058252427184)"
