1,"('race', 1.0)"
2,"('age', 0.20550161812297735)","('length_of_stay', 0.040453074433656956)","('priors_count', 0.6731391585760518)","('two_year_recid', 0.08090614886731391)"
3,"('age', 0.27184466019417475)","('length_of_stay', 0.030744336569579287)","('priors_count', 0.16990291262135923)","('two_year_recid', 0.49838187702265374)","('unrelated_column_one', 0.0048543689320388345)","('unrelated_column_two', 0.024271844660194174)"
