1,"('race', 1.0)"
2,"('age', 0.0016181229773462784)","('unrelated_column_one', 0.9983818770226537)"
3,"('age', 0.6148867313915858)","('length_of_stay', 0.27993527508090615)","('priors_count', 0.10355987055016182)","('unrelated_column_one', 0.0016181229773462784)"
