1,"('race', 1.0)"
2,"('age', 0.6521035598705501)","('length_of_stay', 0.1941747572815534)","('priors_count', 0.1488673139158576)","('unrelated_column_two', 0.0048543689320388345)"
3,"('age', 0.20711974110032363)","('length_of_stay', 0.48058252427184467)","('priors_count', 0.24757281553398058)","('two_year_recid', 0.008090614886731391)","('unrelated_column_one', 0.02750809061488673)","('unrelated_column_two', 0.02912621359223301)"
