1,"('race', 1.0)"
2,"('age', 0.5194174757281553)","('length_of_stay', 0.36084142394822005)","('priors_count', 0.11974110032362459)"
3,"('age', 0.3511326860841424)","('length_of_stay', 0.37540453074433655)","('priors_count', 0.26537216828478966)","('sex_Female', 0.0016181229773462784)","('unrelated_column_one', 0.0048543689320388345)","('unrelated_column_two', 0.0016181229773462784)"
