1,"('race', 1.0)"
2,"('age', 0.3122977346278317)","('priors_count', 0.10679611650485436)","('unrelated_column_one', 0.580906148867314)"
3,"('age', 0.3673139158576052)","('length_of_stay', 0.0016181229773462784)","('priors_count', 0.26537216828478966)","('sex_Female', 0.0016181229773462784)","('unrelated_column_one', 0.3640776699029126)"
