1,"('race', 1.0)"
2,"('age', 0.30258899676375406)","('length_of_stay', 0.5323624595469255)","('priors_count', 0.156957928802589)","('unrelated_column_one', 0.008090614886731391)"
3,"('age', 0.4174757281553398)","('length_of_stay', 0.1634304207119741)","('priors_count', 0.2686084142394822)","('unrelated_column_one', 0.15048543689320387)"
