1,"('unrelated_column_one', 1.0)"
2,"('age', 0.1407766990291262)","('priors_count', 0.0016181229773462784)","('race', 0.8576051779935275)"
3,"('age', 0.27346278317152106)","('length_of_stay', 0.1343042071197411)","('priors_count', 0.44983818770226536)","('race', 0.1423948220064725)"
